<Modules>
  <Module PersistentId="FC4244E8-D2C5-4328-B5FD-82AB951AA2FC" ModuleId="PvPRogue" />
  <Module PersistentId="System, Version=4.0.0.0, Culture=neutral, PublicKeyToken=b77a5c561934e089" ModuleId="System" />
  <Module PersistentId="System.Data, Version=4.0.0.0, Culture=neutral, PublicKeyToken=b77a5c561934e089" ModuleId="System.Data" />
  <Module PersistentId="System.Drawing, Version=4.0.0.0, Culture=neutral, PublicKeyToken=b03f5f7f11d50a3a" ModuleId="System.Drawing" />
  <Module PersistentId="System.Windows.Forms, Version=4.0.0.0, Culture=neutral, PublicKeyToken=b77a5c561934e089" ModuleId="System.Windows.Forms" />
  <Module PersistentId="System.Xml, Version=4.0.0.0, Culture=neutral, PublicKeyToken=b77a5c561934e089" ModuleId="System.Xml" />
  <Module PersistentId="System.Core, Version=4.0.0.0, Culture=neutral, PublicKeyToken=b77a5c561934e089" ModuleId="System.Core" />
  <Module PersistentId="mscorlib, Version=4.0.0.0, Culture=neutral, PublicKeyToken=b77a5c561934e089" ModuleId="mscorlib" />
  <Module PersistentId="Honorbuddy, Version=2.5.6130.393, Culture=neutral, PublicKeyToken=50a565ab5c01ae50" ModuleId="Honorbuddy" />
  <Module PersistentId="Tripper.Tools, Version=1.0.0.0, Culture=neutral, PublicKeyToken=c40611ce03f849a2" ModuleId="Tripper.Tools" />
</Modules>